Index,Time(s),Pan,L_Energy,R_Energy,L_SpectralCentroid(Hz),L_SpectralRolloff(Hz),L_SpectralFlatness,L_Pitch(Hz),L_PrimaryEnergy,L_SecondaryEnergy,L_GeoMean,L_TotalEnergy,L_SustainMs,R_SpectralCentroid(Hz),R_SpectralRolloff(Hz),R_SpectralFlatness,R_Pitch(Hz),R_PrimaryEnergy,R_SecondaryEnergy,R_GeoMean,R_TotalEnergy,R_SustainMs
1,29.713696145124718,0.023505947717073865,0.83673095703125,0.87701416015625,2482.7044929038384,5163.662109375,0.010358544066548347,80.1549853329683,886.16455078125,427.6175842285156,615.5806563189147,1313.7821350097656,163.46938775510202,2692.7345882990435,5585.712890625,0.0120379738509655,80.34031787390249,924.5580444335938,514.8495483398438,689.9335414303358,1439.4075927734375,158.61678004535148
2,29.713696145124718,-1.0,0.22369384765625,0.0,2482.7044929038384,5163.662109375,0.010358544066548347,80.1549853329683,886.16455078125,427.6175842285156,615.5806563189147,1313.7821350097656,163.46938775510202,2692.7345882990435,5585.712890625,0.0120379738509655,80.34031787390249,924.5580444335938,514.8495483398438,689.9335414303358,1439.4075927734375,158.61678004535148
3,30.008367346938776,0.09725407549742764,0.22222900390625,0.270111083984375,1962.5629622979534,4242.041015625,0.002194609260186553,79.8913043478261,86.63385772705078,59.80570983886719,71.98054846585778,146.43956756591797,166.281179138322,1280.392132411099,2381.572265625,0.0009199497289955616,79.8913043478261,106.96621704101562,71.36473846435547,87.37056771964781,178.3309555053711,180.47619047619048
4,30.150226757369616,-0.04662684632124832,0.34490966796875,0.314178466796875,2826.568621778024,5964.697265625,0.007785756140947342,79.8913043478261,307.7826232910156,250.34457397460938,277.5818972926314,558.127197265625,148.0045351473923,3039.45320507228,6459.9609375,0.00812822487205267,79.8913043478261,330.9447021484375,302.0762023925781,316.1811487532786,633.0209045410156,168.18594104308391
5,30.276666666666667,-0.06654329555092914,0.2110595703125,0.184722900390625,1521.0936576803986,2962.96875,0.001022523851133883,79.8913043478261,61.64916229248047,44.42024612426758,52.33040189399369,106.06940841674805,178.07256235827666,2159.446388019658,5185.1953125,0.0022781300358474255,79.8913043478261,89.56500244140625,68.09486389160156,78.09556101788705,157.6598663330078,154.14965986394557
6,30.458412698412697,-0.07211955433984922,0.245208740234375,0.21221923828125,1875.4662494765114,3936.26953125,0.0021023699082434177,79.8913043478261,94.11771392822266,66.07341003417969,78.85859689253341,160.19112396240234,155.05668934240364,1451.014875110277,2480.625,0.0008632239187136292,79.8913043478261,53.342994689941406,40.40858840942383,46.42752542352353,93.75158309936523,180.5668934240363
7,30.55925170068027,0.24317976513098463,0.127838134765625,0.209991455078125,1448.2422398410558,2588.291015625,0.0007710958016104996,79.8913043478261,9.099590301513672,7.794841766357422,8.421987089694433,16.894432067871094,165.6689342403628,1962.354814737897,4198.974609375,0.002060736995190382,79.8913043478261,50.6132926940918,32.521331787109375,40.57106955137661,83.13462448120117,157.9138321995465
8,30.653809523809525,1.0,0.0,0.12750244140625,1184.4385393739026,1744.189453125,0.00036236477899365127,79.8913043478261,9.419588088989258,7.830564498901367,8.588404513290781,17.250152587890625,154.48979591836735,1563.6396451461333,2962.96875,0.001629939884878695,79.8913043478261,60.14031219482422,42.296791076660156,50.43552537834415,102.43710327148438,152.4716553287982
9,30.75795918367347,-0.2142507345739471,0.151336669921875,0.097930908203125,1039.4000633891853,1464.2578125,0.0003423113957978785,79.8913043478261,34.10828399658203,23.689565658569336,28.42552432653019,57.79784965515137,163.4467120181406,1894.319516587453,3996.5625,0.0020748022943735123,79.8913043478261,51.472389221191406,36.29271697998047,43.22120838532973,87.76510620117188,164.42176870748298
10,30.88827664399093,-0.0060431654676258995,0.106689453125,0.10540771484375,867.2514197281595,917.314453125,0.00016077328473329544,79.8913043478261,3.2034807205200195,3.654546022415161,3.421588479794157,6.858026742935181,161.4512471655329,1472.364581021493,2734.716796875,0.001415979117155075,79.8913043478261,44.06645584106445,30.263925552368164,36.51881623123474,74.33038139343262,170.63492063492063
11,31.01671201814059,-1.0,0.0655517578125,0.0,1564.1782939426714,3036.181640625,0.0015289749717339873,79.8913043478261,23.484161376953125,16.06200408935547,19.421706826942497,39.546165466308594,172.85714285714286,1313.6721266557763,2192.080078125,0.0006462290184572339,79.8913043478261,18.7806453704834,13.079008102416992,15.672658133487522,31.85965347290039,161.2925170068027
12,33.31857142857143,0.0,0.999969482421875,0.999969482421875,2259.6147331433767,4642.55859375,0.009339263662695885,83.69420565775967,1109.5888671875,505.4034423828125,748.8591543849938,1614.9923095703125,159.13832199546485,2532.5694870937755,5245.48828125,0.010323451831936836,83.62421958539107,1094.169189453125,581.9542846679688,797.9702049286831,1676.1234741210938,159.2517006802721
13,33.43775510204082,-0.14729216971369438,0.253753662109375,0.1885986328125,2251.6263253150714,5030.15625,0.002055974444374442,79.8913043478261,143.9895477294922,114.12799072265625,128.1921907427709,258.11753845214844,173.51473922902494,2659.0709911827753,6192.94921875,0.0038062066305428743,79.8913043478261,144.0076904296875,147.70114135742188,145.84272433245042,291.7088317871094,182.40362811791383
14,33.55061224489796,1.0,0.0,0.209930419921875,2098.358145058094,4616.71875,0.0015095423441380262,79.8913043478261,111.83564758300781,80.95100402832031,95.14834711124453,192.78665161132812,159.0702947845805,2623.579012269761,6033.603515625,0.0036959543358534575,80.76927351918418,131.79452514648438,114.59519958496094,122.89434451335232,246.3897247314453,173.5827664399093
15,33.62437641723356,-0.004564448730311797,0.238433837890625,0.23626708984375,2207.173831877804,5228.26171875,0.0029566255398094654,79.8913043478261,120.49095153808594,88.90476989746094,103.4998566241502,209.39572143554688,169.47845804988663,1872.5542922169304,4431.533203125,0.0018462690059095621,79.8913043478261,113.27545928955078,92.32405090332031,102.26460418710607,205.5995101928711,175.7823129251701
16,33.796893424036284,-0.10881487958031953,0.212860107421875,0.17108154296875,1942.174868525363,4039.62890625,0.003185636829584837,79.8913043478261,123.24268341064453,73.72270202636719,95.31937697033511,196.96538543701172,166.89342403628117,2299.1948614971916,5120.595703125,0.004268655553460121,79.8913043478261,121.00325012207031,58.17494201660156,83.90087639394345,179.17819213867188,172.81179138321994
17,33.95793650793651,-0.14137904408925953,0.225555419921875,0.169677734375,1821.2752472572436,3819.990234375,0.0020267381332814693,79.8913043478261,84.02189636230469,55.577796936035156,68.33558292869654,139.59969329833984,179.70521541950114,1386.2231285776932,2571.064453125,0.0007541679078713059,79.8913043478261,43.803253173828125,28.437175750732422,35.29363694716058,72.24042892456055,170.72562358276645
18,34.0947619047619,-0.004155711983716394,0.1806640625,0.179168701171875,2058.0736113396456,4521.97265625,0.0024777743965387344,79.8913043478261,37.7950553894043,25.770315170288086,31.208820696454456,63.56537055969238,178.75283446712018,1833.7326207895699,3712.32421875,0.0020074208732694387,79.8913043478261,33.893402099609375,20.823957443237305,26.566798130915128,54.71735954284668,176.3265306122449
19,34.21043083900227,-0.18758434547908232,0.174560546875,0.119415283203125,2163.3691997674746,4814.82421875,0.002868379931896925,79.8913043478261,19.828102111816406,15.743791580200195,17.668319305450783,35.5718936920166,144.21768707482994,1772.8484626237982,3647.724609375,0.0013681914424523711,79.8913043478261,41.787349700927734,29.0721492767334,34.85467068248432,70.85949897766113,172.94784580498867
20,34.419659863945576,-0.1579226285108638,0.13336181640625,0.09698486328125,2055.5026244965425,4453.06640625,0.00248328666202724,79.8913043478261,40.78697204589844,28.072690963745117,33.83784954147379,68.85966300964355,156.66666666666669,1716.501794867118,3410.859375,0.0012338580563664436,79.8913043478261,24.060935974121094,17.90672492980957,20.75698827003441,41.967660903930664,171.31519274376416
21,34.54938775510204,-1.0,0.078582763671875,0.0,1180.2626720274402,2566.7578125,0.0012431790819391608,79.8913043478261,38.27984619140625,26.136287689208984,31.630571805727204,64.41613388061523,173.15192743764172,1501.212416797743,2906.982421875,0.0014538547256961465,79.8913043478261,25.01797103881836,17.058475494384766,20.658374715473403,42.076446533203125,169.65986394557822
22,34.65897959183673,-1.0,0.076629638671875,0.0,1788.0836389120946,3540.05859375,0.0017911704489961267,79.8913043478261,40.755271911621094,28.002504348754883,33.78238711133151,68.75777626037598,131.0657596371882,1555.8550624541645,2726.103515625,0.000807874952442944,79.8913043478261,23.218029022216797,16.38717269897461,19.505841466516415,39.605201721191406,153.56009070294786
23,34.89814058956916,1.0,0.0,0.047698974609375,1353.9118255081037,1425.498046875,0.00023861523368395865,79.8913043478261,9.41850471496582,7.0754241943359375,8.163327516076778,16.493928909301758,161.33786848072563,1861.3055966575932,3544.365234375,0.0015850805211812258,79.8913043478261,29.00786018371582,20.216773986816406,24.216633811811114,49.22463417053223,163.71882086167798
24,36.93560090702948,0.012598154768409385,0.965118408203125,0.98974609375,2525.5352637645224,5038.76953125,0.008548995479941368,84.21660977692027,1030.8468017578125,586.63037109375,777.6413323994493,1617.4771728515625,146.2358276643991,2675.8031097763005,5357.4609375,0.009110753424465656,84.02928546299418,1093.49755859375,672.1381225585938,857.3105598647488,1765.6356811523438,146.4625850340136
25,37.07523809523809,-0.16793066088840736,0.279632568359375,0.19921875,2222.5233235396454,4918.18359375,0.0014531055931001902,79.8913043478261,183.98243713378906,160.7068634033203,171.9512733104056,344.6893005371094,183.4920634920635,2683.4849683081825,5809.658203125,0.003809744957834482,79.96413186638699,191.65118408203125,170.2987823486328,180.65979985830717,361.94996643066406,170.7936507936508
26,37.16814058956916,1.0,0.0,0.2420654296875,2181.5276354588236,5008.623046875,0.0013452917337417603,79.8913043478261,146.57632446289062,123.820556640625,134.71882602417517,270.3968811035156,179.0249433106576,2868.893322814899,6421.201171875,0.006259848363697529,83.03954933220275,156.06857299804688,130.37356567382812,142.64366915983865,286.442138671875,172.63038548752834
27,37.24072562358277,-0.02498469756830449,0.28106689453125,0.267364501953125,2503.406370823714,5891.484375,0.003638326656073332,79.8913043478261,115.25521087646484,113.27808380126953,114.2623710422516,228.53329467773438,179.95464852607708,2001.0682891046604,4659.78515625,0.0016801630845293403,79.8913043478261,121.98003387451172,103.42520141601562,112.32012095881923,225.40523529052734,175.1020408163265
28,37.3977097505669,0.1022804244750508,0.24267578125,0.2979736328125,2162.9834754986578,4905.263671875,0.0030141021125018597,82.23339531976102,81.44790649414062,52.2899284362793,65.2602880920961,133.73783493041992,167.43764172335602,2246.9590490124697,5176.58203125,0.002894333563745022,81.91232604086947,141.63706970214844,95.60647583007812,116.36761182185336,237.24354553222656,161.72335600907027
29,37.531995464852606,1.0,0.0,0.20123291015625,1551.4603520691448,3109.39453125,0.0007963006501086056,79.8913043478261,90.94677734375,57.807334899902344,72.50786726953847,148.75411224365234,181.08843537414964,2036.1013265689187,4956.943359375,0.002545389113947749,79.8913043478261,105.56375122070312,77.07916259765625,90.2040217770755,182.64291381835938,169.2063492063492
30,37.610680272108844,0.04300884955752212,0.165008544921875,0.179840087890625,1971.8732843501361,4142.98828125,0.0023857499472796917,79.8913043478261,42.68116760253906,31.338441848754883,36.5726850114827,74.01960945129395,170.77097505668934,1783.3900189237545,3781.23046875,0.0014337884495034814,79.8913043478261,48.556602478027344,30.92428970336914,38.75020570321981,79.48089218139648,174.05895691609976
31,37.69174603174603,0.0265011253902563,0.20458984375,0.215728759765625,2060.952005901733,4685.625,0.0023496970534324646,79.8913043478261,74.25169372558594,52.59935760498047,62.494730906273844,126.8510513305664,159.36507936507937,1713.014302049621,3471.15234375,0.0014003252144902945,79.8913043478261,65.85014343261719,46.3377571105957,55.23900752256963,112.18790054321289,180.72562358276645
32,37.81766439909297,0.017276014463640015,0.1492919921875,0.154541015625,2051.7175751066306,4384.16015625,0.002428378676995635,79.8913043478261,35.05189895629883,25.387645721435547,29.83094354133089,60.439544677734375,176.66666666666666,1470.116009864106,2721.796875,0.0010742590529844165,79.8913043478261,61.96711730957031,43.98783874511719,52.209190414266516,105.9549560546875,173.74149659863946
33,37.960634920634924,-1.0,0.13116455078125,0.0,1923.3596718802921,4035.322265625,0.0018482472514733672,79.8913043478261,23.55086326599121,17.395463943481445,20.240508708562928,40.946327209472656,174.08163265306123,1513.6364461262297,2894.0625,0.0006650903960689902,79.8913043478261,16.441709518432617,14.462562561035156,15.420416742769921,30.904272079467773,176.89342403628117
34,38.12285714285714,0.04001127078050155,0.103973388671875,0.112640380859375,1295.429581783936,2131.787109375,0.00048604063340462744,79.8913043478261,31.000099182128906,21.34681510925293,25.724567743878783,52.346914291381836,164.94331065759638,1445.096603517351,2842.3828125,0.0015899937134236097,79.8913043478261,58.483360290527344,40.33451461791992,48.568487216953265,98.81787490844727,142.9251700680272
35,38.24224489795918,-0.05913008618961716,0.08062744140625,0.071624755859375,1575.9236879996067,2937.12890625,0.0014122303109616041,79.8913043478261,34.3669548034668,23.393526077270508,28.354263407665478,57.760480880737305,170.70294784580497,1940.4699878569263,4022.40234375,0.0021142023615539074,79.8913043478261,19.025859832763672,13.225491523742676,15.862734567221763,32.25135135650635,149.79591836734693
36,40.534557823129255,-0.0032915384497619374,0.999969482421875,0.993408203125,2225.3758494297067,4642.55859375,0.007812029682099819,86.92681246588647,1089.2784423828125,556.6600341796875,778.68978095774,1645.9384765625,139.00226757369614,2529.47810195034,5284.248046875,0.007711625192314386,83.9468951377322,1184.7357177734375,655.7528076171875,881.415777720308,1840.488525390625,143.69614512471654
37,40.66471655328798,-0.07802956789771105,0.288177490234375,0.2464599609375,2276.007508944223,5073.22265625,0.0014335076557472348,79.8913043478261,171.53533935546875,181.86581420898438,176.62506661710495,353.4011535644531,179.38775510204084,2788.2825730983254,6192.94921875,0.004395752679556608,79.8913043478261,221.78977966308594,238.98049926757812,230.22474297158075,460.77027893066406,188.91156462585036
38,40.86823129251701,-0.1877202412948695,0.303436279296875,0.20751953125,2601.9847488130567,6240.322265625,0.004869320895522833,91.42764703204303,196.80694580078125,160.39340209960938,177.66973741698595,357.2003479003906,179.297052154195,2117.8974051018404,5012.9296875,0.0022774874232709408,79.8913043478261,85.88543701171875,88.96405792236328,87.41119489515076,174.84949493408203,177.27891156462584
39,40.99047619047619,-0.08215723101690367,0.307708740234375,0.260986328125,2248.708000591814,5030.15625,0.003832050133496523,80.4795100747796,153.00790405273438,95.974365234375,121.18100704030866,248.98226928710938,166.87074829931973,2400.354271543509,5340.234375,0.00458568288013339,81.69455002866168,164.33790588378906,121.90550231933594,141.54043580147356,286.243408203125,175.01133786848072
40,41.113786848072564,-0.07831064088110311,0.189727783203125,0.16217041015625,1461.2635092388077,3195.52734375,0.0004676993121393025,79.8913043478261,68.50315856933594,49.85281753540039,58.43864701339093,118.35597610473633,180.6122448979592,1901.1289095486286,4422.919921875,0.0017377547919750214,79.8913043478261,87.46791076660156,61.89187240600586,73.57684943503908,149.35978317260742,173.3560090702948
41,41.33140589569161,0.2581714827096163,0.119476318359375,0.20263671875,1661.017658435506,3449.619140625,0.0021839463151991367,79.8913043478261,42.532352447509766,32.21855163574219,37.01797932788443,74.75090408325195,176.96145124716554,2063.0317086137707,4509.052734375,0.002426693681627512,79.8913043478261,32.866371154785156,26.7835693359375,29.669491580491307,59.649940490722656,180.49886621315193
42,41.47748299319728,0.0207383773928897,0.131134033203125,0.136688232421875,1305.506764355264,1916.455078125,0.00042237676098011434,79.8913043478261,37.606929779052734,26.14797019958496,31.358330299308907,63.754899978637695,175.14739229024943,1721.8325093928768,3389.326171875,0.002290871227160096,79.8913043478261,58.339752197265625,40.51226806640625,48.615590914266775,98.85202026367188,148.50340136054422
43,41.72421768707483,0.021970233876683204,0.084228515625,0.0880126953125,1676.8631716923908,3436.69921875,0.0016546247061342,79.8913043478261,46.50782775878906,31.81389808654785,38.46550782902569,78.32172584533691,160.99773242630386,1416.462994898794,2575.37109375,0.0010347765637561679,79.8913043478261,20.018205642700195,14.168962478637695,16.841532134609146,34.18716812133789,148.07256235827666
44,41.83630385487528,-1.0,0.072021484375,0.0,1549.2911931418978,2902.67578125,0.001328070880845189,79.8913043478261,38.78499221801758,26.35338592529297,31.970546883512984,65.13837814331055,156.07709750566892,1654.5775668565286,3070.634765625,0.0007552993483841419,79.8913043478261,10.493046760559082,7.027193546295166,8.587005908742242,17.520240306854248,168.3673469387755
45,44.14380952380952,-0.06428327122824072,0.902130126953125,0.79315185546875,2370.4185301466596,4595.185546875,0.0064272889867424965,83.21728157363287,1094.4759521484375,690.810546875,869.5260381640095,1785.2864990234375,150.29478458049886,2409.8935031227493,4776.064453125,0.005201596766710281,83.32368747144201,1145.537109375,710.820556640625,902.3698386683976,1856.357666015625,148.86621315192744
46,44.32015873015873,-0.06609495921355366,0.31109619140625,0.27252197265625,2551.601064716007,5839.8046875,0.00394391268491745,79.8913043478261,220.19699096679688,188.2008819580078,203.57128457729652,408.3978729248047,178.32199546485262,2490.615395392917,5176.58203125,0.002557158935815096,79.8913043478261,189.5897674560547,172.73806762695312,180.96787027592023,362.3278350830078,178.09523809523807
47,44.44888888888889,-0.045258503029972155,0.292144775390625,0.266845703125,2334.1024958964667,5611.552734375,0.0027845019940286875,79.8913043478261,132.08346557617188,114.16844177246094,122.79968830879835,246.2519073486328,169.13832199546485,2081.0493543641087,4883.73046875,0.002132891910150647,79.8913043478261,129.53045654296875,119.17047882080078,124.24253107572508,248.70093536376953,168.57142857142856
48,44.598775510204085,0.07819448562110881,0.379547119140625,0.443939208984375,2109.0619521103636,4689.931640625,0.003516271011903882,85.47900548738532,256.6918640136719,154.3441162109375,199.0449167643533,411.0359802246094,175.12471655328798,2257.480911653685,5185.1953125,0.002892052987590432,85.32110501149087,300.8479919433594,205.86273193359375,248.86419894833358,506.7107238769531,134.44444444444446
49,44.75061224489796,-0.04680326183786747,0.23309326171875,0.212249755859375,1353.9452573969547,2764.86328125,0.00048506056191399693,79.8913043478261,76.96192169189453,61.33258819580078,68.70424913996538,138.2945098876953,183.51473922902494,2139.9501288884003,5193.80859375,0.003445184323936701,80.15994832521879,114.51333618164062,93.63050842285156,103.54681012896503,208.1438446044922,164.58049886621316
50,44.84439909297052,-0.013955984970477724,0.2305908203125,0.2242431640625,1732.0646348515777,3393.6328125,0.0013069536071270704,79.8913043478261,31.666784286499023,34.32527542114258,32.969244643091066,65.9920597076416,179.47845804988663,2133.3785157867637,4771.7578125,0.0026952733751386404,80.72065255869832,62.10490417480469,54.98452377319336,58.436363507934374,117.08942794799805,174.89795918367346
51,45.01201814058957,0.05019059720457433,0.1824951171875,0.2017822265625,1523.7754768144218,2549.53125,0.0008089771727100015,79.8913043478261,17.922632217407227,20.936359405517578,19.370974926331048,38.858991622924805,154.6485260770975,2248.7139192639684,5456.513671875,0.0027115480042994022,79.8913043478261,59.96750259399414,49.114830017089844,54.270560126586275,109.08233261108398,160.29478458049886
52,45.11519274376417,-0.04344874405974202,0.140716552734375,0.128997802734375,2264.627543379672,5232.568359375,0.0027196132577955723,79.8913043478261,66.52245330810547,45.720680236816406,55.149359164621664,112.24313354492188,130.0453514739229,1702.4518163551597,3617.578125,0.0019552290905267,79.8913043478261,66.00032806396484,48.222816467285156,56.41561580811811,114.22314453125,164.55782312925172
53,45.29142857142857,0.08960744541224197,0.116424560546875,0.13934326171875,1112.0011329256888,1554.697265625,0.00036504253512248397,79.8913043478261,14.034424781799316,11.540435791015625,12.726483334299129,25.57486057281494,167.07482993197277,1853.429492274802,3708.017578125,0.001647921628318727,79.8913043478261,31.45627212524414,23.26974868774414,27.05512053212335,54.72602081298828,159.54648526077096
54,45.597641723356006,-0.023915900131406046,0.0594482421875,0.056671142578125,1554.8414636549842,2416.025390625,0.0005811519804410636,79.8913043478261,26.270580291748047,17.876205444335938,21.670678125919615,44.146785736083984,144.10430839002268,1818.8454923213535,3596.044921875,0.0016173766925930977,79.8913043478261,15.764371871948242,10.62160587310791,12.939974685483067,26.385977745056152,172.83446712018142
55,45.744126984126986,1.0,0.0,0.069793701171875,1718.8449645103356,3221.3671875,0.00044940371299162507,79.8913043478261,1.189223051071167,2.7634387016296387,1.8128279025324339,3.9526617527008057,171.26984126984127,1935.9000009648796,3888.896484375,0.0018197601893916726,79.8913043478261,21.128498077392578,14.542377471923828,17.528793297208445,35.670875549316406,147.93650793650795
56,47.75430839002268,0.028950291585670647,0.85369873046875,0.90460205078125,2262.465800657613,4358.3203125,0.006610684096813202,86.10464113803572,1235.2335205078125,597.7862548828125,859.3053125228989,1833.019775390625,145.17006802721087,2357.199187619866,4702.8515625,0.006480549927800894,84.07871090631973,1359.281982421875,663.2608642578125,949.5043667257173,2022.5428466796875,150.45351473922904
57,47.911972789115644,0.0234931434038482,0.28033447265625,0.2938232421875,1751.8045334557173,4328.173828125,0.00031719397520646453,79.8913043478261,179.39096069335938,149.83535766601562,163.9484942216294,329.226318359375,172.8798185941043,2765.0444534318012,6085.283203125,0.004644026514142752,79.8913043478261,181.5384979248047,161.9337158203125,171.456127138699,343.4722137451172,179.45578231292518
58,48.06541950113379,0.014926838849062162,0.306121826171875,0.315399169921875,2421.249536152373,5766.591796875,0.0035733047407120466,79.8913043478261,128.95785522460938,104.70616912841797,116.20104560452968,233.66402435302734,172.4716553287982,2165.816704256332,5038.76953125,0.002319740829989314,79.8913043478261,150.88449096679688,132.2253875732422,141.2471603143797,283.10987854003906,176.00907029478458
59,48.14984126984127,0.02979432306016531,0.231048583984375,0.2452392578125,2400.684787622569,5706.298828125,0.0030528742354363203,79.8913043478261,77.87547302246094,66.77757263183594,72.11334866719174,144.65304565429688,177.34693877551018,1780.57047120075,3953.49609375,0.0008321457426063716,79.8913043478261,81.64828491210938,76.0698013305664,78.80969998829866,157.71808624267578,181.08843537414964
60,48.268140589569164,-0.037403555853740354,0.188751220703125,0.175140380859375,2087.242322117418,4974.169921875,0.002312268363311887,79.8913043478261,117.16944885253906,84.35498046875,99.41743594304842,201.52442932128906,174.78458049886623,2289.8744418130027,5460.8203125,0.0030817415099591017,79.8913043478261,102.52874755859375,72.28594970703125,86.08941798819069,174.814697265625,170.04535147392292
61,48.38356009070295,-0.005876938327550803,0.216766357421875,0.2142333984375,2029.1479499836864,4440.146484375,0.0018672347068786621,79.8913043478261,58.72630310058594,39.721004486083984,48.29769920927395,98.44730758666992,177.0748299319728,1238.1254842463518,2256.6796875,0.0002370639704167843,79.8913043478261,38.76068878173828,26.788808822631836,32.2234802839097,65.54949760437012,172.6530612244898
62,48.535283446712015,-0.09514087382605145,0.24554443359375,0.202880859375,1981.4486751275049,4465.986328125,0.0024598012678325176,79.8913043478261,102.09811401367188,74.97492980957031,87.49170778916455,177.0730438232422,155.71428571428572,1357.8865070169684,2355.732421875,0.00046465321793220937,79.8913043478261,25.14606285095215,32.08130645751953,28.402791210045592,57.22736930847168,181.42857142857144
63,48.64671201814059,-0.15096774193548387,0.17694091796875,0.130523681640625,2096.4593369948348,4530.5859375,0.002339787781238556,79.8913043478261,43.29132843017578,32.10089111328125,37.27854906090592,75.39221954345703,165.6235827664399,1842.0528271321841,4267.880859375,0.0011036295909434557,79.8913043478261,64.77543640136719,48.08491516113281,55.80968879939302,112.8603515625,170.68027210884355
64,48.83253968253968,-0.08065257352941177,0.143524169921875,0.122100830078125,1929.5160100726232,4009.482421875,0.002221205737441778,79.8913043478261,59.12023162841797,40.935577392578125,49.1947234700252,100.0558090209961,162.7891156462585,1846.343735381867,4440.146484375,0.0009962422773241997,79.8913043478261,16.41822052001953,16.32319450378418,16.370638562814204,32.74141502380371,174.60317460317458
65,48.95684807256236,-0.04591769220590181,0.12060546875,0.110015869140625,1737.5018911134357,3570.205078125,0.0016656775260344148,79.8913043478261,40.000572204589844,27.856937408447266,33.38103407932916,67.85750961303711,162.26757369614512,1214.2984102902988,1834.62890625,0.0005909005412831903,79.8913043478261,37.85536193847656,26.50543785095215,31.676062621253767,64.36079978942871,146.07709750566895
66,51.37272108843538,0.05739681422159641,0.817169189453125,0.91668701171875,2430.9149546775034,4896.650390625,0.006865407340228558,82.8055735805448,826.71728515625,662.6967163085938,740.1775666612723,1489.4140014648438,164.1950113378685,2599.1970650076064,5378.994140625,0.00840306468307972,82.69858781785467,883.7671508789062,743.1900634765625,810.4362806292639,1626.9572143554688,168.4580498866213
67,51.37299319727891,-0.06898976482537698,0.208770751953125,0.18182373046875,2418.11747791735,5142.12890625,0.007433180697262287,83.18672159501037,785.4328002929688,544.99853515625,654.2627343990634,1330.4313354492188,164.24036281179139,2566.2158532950366,5534.033203125,0.008210550993680954,83.07703779158753,828.72412109375,616.0572509765625,714.5218708052145,1444.7813720703125,168.48072562358277
68,51.65408163265306,-0.09986772486772487,0.253753662109375,0.207672119140625,1429.6382239391244,2726.103515625,0.0016292339423671365,79.8913043478261,60.72829055786133,46.218666076660156,52.979057963502775,106.94695663452148,162.6077097505669,2329.3837305194966,5598.6328125,0.0027960822917521,84.79051956980369,56.622352600097656,46.46694564819336,51.29393512630492,103.08929824829102,173.69614512471657
69,51.76517006802721,0.11393346137166223,0.218231201171875,0.27435302734375,1952.3310555740784,4168.828125,0.0028568911366164684,79.8913043478261,57.98610305786133,40.63896179199219,48.54374343450397,98.62506484985352,168.61678004535148,1846.7864797207935,4095.615234375,0.001794775016605854,79.8913043478261,114.31367492675781,81.73332214355469,96.66041805311151,196.0469970703125,165.5328798185941
70,51.961678004535145,-0.04508133230054222,0.20587158203125,0.1881103515625,1704.0879650451534,3285.966796875,0.0010970847215503454,79.8913043478261,117.46400451660156,78.95769500732422,96.30517661559414,196.42169952392578,176.4172335600907,2148.408306824339,4737.3046875,0.003383831586688757,85.91957552054403,127.23487854003906,87.81498718261719,105.70302374187497,215.04986572265625,178.0045351473923
71,52.10961451247166,-0.15876577840112202,0.25213623046875,0.18304443359375,882.0668880359939,1106.806640625,0.00021682489023078233,79.8913043478261,35.313758850097656,25.08349609375,29.762266919239437,60.397254943847656,166.6439909297052,1595.2486649240443,3096.474609375,0.0017521465197205544,79.8913043478261,78.4951171875,54.079551696777344,65.15351677297245,132.57466888427734,168.7981859410431
72,52.228639455782314,0.03485969472772112,0.220947265625,0.236907958984375,1158.518458232537,1584.84375,0.00030377277289517224,79.8913043478261,12.166952133178711,12.316685676574707,12.241589972968884,24.483637809753418,167.77777777777777,2025.7427885338852,4319.560546875,0.0020558300893753767,79.8913043478261,44.64305114746094,33.020896911621094,38.394707835332404,77.66394805908203,160.8843537414966
73,52.339614512471655,-0.07340235074336421,0.210418701171875,0.181640625,1664.1425231861558,3156.767578125,0.0010597265791147947,79.8913043478261,77.5022964477539,52.638153076171875,63.87157226945116,130.14044952392578,141.31519274376416,1960.7202240107338,4056.85546875,0.002514817751944065,79.8913043478261,53.527259826660156,37.75422668457031,44.954202265190084,91.28148651123047,163.78684807256235
74,52.52231292517007,0.14674520158423884,0.128204345703125,0.17230224609375,1270.129669732304,2071.494140625,0.0007769799558445811,79.8913043478261,54.17118453979492,37.331329345703125,44.969793540797426,91.50251388549805,173.51473922902494,1419.7615910989553,2812.236328125,0.0016631607431918383,79.8913043478261,78.75820922851562,54.68962097167969,65.6296930597406,133.4478302001953,159.77324263038548
75,52.84979591836735,1.0,0.0,0.06011962890625,1527.921359329132,2278.212890625,0.000585960631724447,79.8913043478261,8.165371894836426,6.47203254699707,7.269563443681917,14.637404441833496,164.35374149659864,2208.1544187832033,4707.158203125,0.0021378297824412584,79.8913043478261,9.836502075195312,8.024042129516602,8.884171714822077,17.860544204711914,178.9795918367347
76,54.98319727891157,0.006274245235284196,0.899017333984375,0.910369873046875,2173.9448725189295,4565.0390625,0.006228896789252758,82.08052318764877,844.7349853515625,505.90863037109375,653.7267926785279,1350.6436157226562,156.80272108843536,2292.476604686559,4866.50390625,0.006528233643621206,81.87668215306066,882.1258544921875,572.7811889648438,710.8200164265662,1454.9070434570312,161.8140589569161
77,54.98319727891157,-0.12006778019849915,0.28240966796875,0.22186279296875,2173.9448725189295,4565.0390625,0.006228896789252758,82.08052318764877,844.7349853515625,505.90863037109375,653.7267926785279,1350.6436157226562,156.80272108843536,2292.476604686559,4866.50390625,0.006528233643621206,81.87668215306066,882.1258544921875,572.7811889648438,710.8200164265662,1454.9070434570312,161.8140589569161
78,54.98319727891157,1.0,0.0,0.251922607421875,2173.9448725189295,4565.0390625,0.006228896789252758,82.08052318764877,844.7349853515625,505.90863037109375,653.7267926785279,1350.6436157226562,156.80272108843536,2292.476604686559,4866.50390625,0.006528233643621206,81.87668215306066,882.1258544921875,572.7811889648438,710.8200164265662,1454.9070434570312,161.8140589569161
79,55.31673469387755,0.22552047016635124,0.237274169921875,0.375457763671875,2513.209188011281,5981.923828125,0.0045857192017138,84.21097642121741,173.8197784423828,118.50888061523438,143.52416999235646,292.3286590576172,167.98185941043084,1267.512003706761,2786.396484375,0.0004128178989049047,79.8913043478261,77.28562927246094,53.987186431884766,64.59437805287608,131.2728157043457,183.718820861678
80,55.42263038548753,-0.2568456803226491,0.36138916015625,0.21368408203125,1775.4986017099156,3350.56640625,0.00348485866561532,83.38885292626561,221.58798217773438,141.70669555664062,177.20186435100086,363.294677734375,185.23809523809524,1878.1027288188984,3854.443359375,0.0046289823949337006,81.94030209039826,262.8648681640625,171.651123046875,212.41715992341594,434.5159912109375,179.0249433106576
81,55.61512471655329,-0.06010230179028133,0.25299072265625,0.22430419921875,2000.8671975602908,4242.041015625,0.002411410678178072,79.8913043478261,66.54473876953125,46.09242248535156,55.38238179730615,112.63716125488281,173.33333333333334,1426.8395428681579,2596.904296875,0.001208487548865378,79.8913043478261,60.99440383911133,43.05170440673828,51.243663457510955,104.04610824584961,176.89342403628117
82,55.7214739229025,0.009822361546499478,0.216888427734375,0.22119140625,2222.907191402406,5064.609375,0.0035234882961958647,79.8913043478261,60.37523651123047,42.54969787597656,50.68479133570035,102.92493438720703,165.60090702947846,1836.221442215136,3785.537109375,0.00192253477871418,79.8913043478261,57.35673522949219,40.836509704589844,48.396785790202514,98.19324493408203,184.98866213151928
83,55.83904761904762,-1.0,0.18377685546875,0.0,2033.1282996712994,4306.640625,0.002048139926046133,79.8913043478261,47.685943603515625,35.08875274658203,40.90525986460928,82.77469635009766,175.98639455782313,1971.7441217506737,4104.228515625,0.00242114020511508,79.8913043478261,73.19230651855469,49.10533142089844,59.95108396896267,122.29763793945312,179.52380952380952
84,56.00687074829932,-0.15173212593450564,0.166900634765625,0.1229248046875,1698.526399422824,3518.525390625,0.0015152690466493368,79.8913043478261,61.10746383666992,41.47850036621094,50.34526751470822,102.58596420288086,153.51473922902494,1330.4606359791146,2045.654296875,0.0004288000054657459,79.8913043478261,29.994300842285156,21.453350067138672,25.366872806647173,51.44765090942383,178.39002267573696
85,56.172721088435374,-1.0,0.100433349609375,0.0,1919.6055236085872,4013.7890625,0.001865577301941812,79.8913043478261,74.80311584472656,51.00673294067383,61.76943057064922,125.80984878540039,149.97732426303855,1654.920974971615,3268.740234375,0.0016414929414168,79.8913043478261,22.181900024414062,15.592677116394043,18.59772042237493,37.774577140808105,157.9138321995465
86,56.37199546485261,1.0,0.0,0.058807373046875,1643.587516393008,2829.462890625,0.0012063814792782068,79.8913043478261,16.0388240814209,11.041172981262207,13.30742015189278,27.079997062683105,174.12698412698413,1834.8906693716258,3664.951171875,0.00162260583601892,79.8913043478261,19.45093536376953,13.900406837463379,16.443111473367814,33.35134220123291,170.36281179138322
87,58.57433106575964,-0.019280563223556098,0.726806640625,0.699310302734375,2138.3941852850594,4642.55859375,0.005908170249313116,89.94017437687936,726.1060791015625,422.1725158691406,553.6623792548884,1148.2785949707031,157.18820861678003,2229.1864165456027,4931.103515625,0.005575311370193958,89.75820565735414,752.6351318359375,470.964111328125,595.3689075014235,1223.5992431640625,146.6439909297052
88,58.73142857142857,0.019898615419535446,0.197662353515625,0.2056884765625,1433.348671533708,3867.36328125,0.00019095205061603338,79.8913043478261,54.265052795410156,69.90213012695312,61.58930736622017,124.16718292236328,183.015873015873,2351.988290918448,5727.83203125,0.0023225932382047176,79.8913043478261,98.53390502929688,121.135009765625,109.25157000230726,219.66891479492188,174.69387755102042
89,58.83004535147392,0.023657741889786088,0.2103271484375,0.22052001953125,1339.2636805726452,3178.30078125,0.00041101552778854966,79.8913043478261,78.5338134765625,57.71283721923828,67.32316981083758,136.24665069580078,177.02947845804988,2139.827612229164,5034.462890625,0.002316469792276621,81.27694216101996,101.31613159179688,76.33467102050781,87.94278579923593,177.6508026123047,179.9092970521542
90,58.94242630385487,1.0,0.0,0.241851806640625,1500.1095348313745,3049.1015625,0.0034018780570477247,80.80089455317477,85.67427062988281,56.886070251464844,69.81169370380957,142.56034088134766,176.78004535147392,2033.2738753062374,4366.93359375,0.002135028364136815,79.8913043478261,49.989227294921875,31.357215881347656,39.59195615309532,81.34644317626953,180.0453514739229
91,59.023990929705214,-0.030896431679721496,0.216888427734375,0.203887939453125,1849.515291994129,3781.23046875,0.0015550698153674603,86.30412398621681,53.40503692626953,37.96856689453125,45.0301312127777,91.37360382080078,186.03174603174602,1748.9264306391099,3376.40625,0.00134740408975631,85.05670606744253,56.39875030517578,44.09221267700195,49.86728078783662,100.49096298217773,174.89795918367346
92,59.184013605442175,0.030546228810089265,0.180633544921875,0.1920166015625,1601.878386882772,3165.380859375,0.0014387941919267178,79.8913043478261,66.8101577758789,46.43793487548828,55.7003209669151,113.24809265136719,176.9387755102041,1354.6178665906004,2286.826171875,0.000919136859010905,79.8913043478261,31.712417602539062,22.98963737487793,27.00105518240109,54.70205497741699,171.38321995464852
93,59.38068027210884,0.15854877874589343,0.179779052734375,0.247528076171875,1440.1813701274418,2846.689453125,0.0017946393927559257,79.8913043478261,91.41865539550781,62.09659957885742,75.34445990338243,153.51525497436523,162.67573696145124,1550.8186708918463,2717.490234375,0.000903621781617403,79.8913043478261,16.180606842041016,15.807428359985352,15.99292917125103,31.988035202026367,171.31519274376416
94,59.464126984126985,-0.2010153000070507,0.259918212890625,0.17291259765625,1996.1939880471753,4263.57421875,0.0028306166641414165,79.8913043478261,89.7534408569336,62.339256286621094,74.80082053150535,152.0926971435547,162.49433106575964,1532.2711942510546,2674.423828125,0.0007998958462849259,79.8913043478261,33.19483184814453,27.40890121459961,30.16345250399958,60.60373306274414,178.86621315192744
95,59.6143537414966,-0.24292212011510256,0.204315185546875,0.12445068359375,1338.737402864037,2334.19921875,0.000735113921109587,79.8913043478261,48.93553161621094,33.58959197998047,40.54287286702756,82.5251235961914,143.42403628117913,2107.883871601362,4616.71875,0.003645383520051837,87.97311609988257,24.92148208618164,17.9300537109375,21.138673382249028,42.85153579711914,182.58503401360542
96,59.72498866213152,0.1650900900900901,0.113128662109375,0.157867431640625,1322.5615967376646,2019.814453125,0.0005986381438560784,79.8913043478261,43.30276870727539,29.56275177001953,35.77916994911637,72.86552047729492,178.88888888888889,1486.2676820614527,2941.435546875,0.0019321870058774948,79.8913043478261,68.16102600097656,46.45637512207031,56.27178860322955,114.61740112304688,153.60544217687075
97,60.02319727891157,0.1395056556346879,0.06268310546875,0.0830078125,924.2748835028775,1085.2734375,0.00021903538436163217,79.8913043478261,13.142306327819824,9.285577774047852,11.04689583264603,22.427884101867676,162.1541950113379,1819.2362040333167,3608.96484375,0.001478842576034367,79.8913043478261,37.51471710205078,25.947128295898438,31.19934578851369,63.46184539794922,162.67573696145124
98,60.14122448979592,1.0,0.0,0.085723876953125,1788.4346930260526,3182.607421875,0.0013516128528863192,79.8913043478261,13.82864761352539,9.96872329711914,11.741122673432962,23.79737091064453,169.97732426303855,1668.1777001853588,3092.16796875,0.001458015525713563,79.8913043478261,35.81859588623047,24.887134552001953,29.856694647673265,60.70573043823242,155.60090702947846
99,62.14580498866213,0.0,0.999969482421875,0.999969482421875,1850.3939815516067,3441.005859375,0.00581248477101326,85.2435781148477,1156.72802734375,536.1575927734375,787.520485215586,1692.8856201171875,145.82766439909298,1997.9461568689323,3884.58984375,0.0060732546262443066,84.3927232782295,1274.393798828125,610.2942504882812,881.9043078944133,1884.6880493164062,145.32879818594105
100,62.31251700680272,0.005040916530278232,0.231903076171875,0.2342529296875,1740.0312485658092,4082.6953125,0.0014187993947416544,79.8913043478261,120.65860748291016,92.43517303466797,105.60823481530635,213.09378051757812,176.82539682539684,1584.1472015347915,3376.40625,0.0011037853546440601,79.8913043478261,71.67801666259766,61.178871154785156,66.2206927329487,132.8568878173828,165.05668934240364
101,62.451201814058955,0.0686897458369851,0.259429931640625,0.297698974609375,2208.56517614882,5012.9296875,0.0030044917948544025,79.8913043478261,69.57552337646484,60.25533676147461,64.74794661921517,129.83086013793945,176.48526077097506,1676.6384890170186,3742.470703125,0.002264834474772215,79.8913043478261,129.192626953125,99.44099426269531,113.34479818513172,228.6336212158203,166.68934240362813
102,62.5353514739229,0.1296,0.232421875,0.3016357421875,2119.00043325497,4642.55859375,0.0031257097143679857,79.8913043478261,39.81781768798828,30.57223129272461,34.89010650497815,70.39004898071289,174.96598639455783,1667.7575452788656,3156.767578125,0.0010829202365130186,79.8913043478261,34.37032699584961,25.048349380493164,29.341437574083468,59.41867637634277,171.33786848072563
103,62.654444444444444,-0.07645663063538097,0.24920654296875,0.21380615234375,1911.4700866724356,4000.869140625,0.0021262019872665405,79.8913043478261,148.0834503173828,101.78787994384766,122.772555820006,249.87133026123047,160.34013605442178,2282.1060957609834,5357.4609375,0.003180498257279396,79.8913043478261,145.86871337890625,97.70405578613281,119.38159367936112,243.57276916503906,158.91156462585036
104,62.89278911564626,1.0,0.0,0.14453125,1753.207636688437,3484.072265625,0.0012399416882544756,79.8913043478261,109.44994354248047,74.64215087890625,90.38572453427365,184.09209442138672,172.9251700680272,1441.0248806490576,2683.037109375,0.0013846541987732053,79.8913043478261,65.19247436523438,44.767059326171875,54.02291520760784,109.95953369140625,174.71655328798187
105,62.95988662131519,0.10090273733255678,0.188446044921875,0.230743408203125,1778.095084259754,3682.177734375,0.0015499998116865754,79.8913043478261,30.151382446289062,20.568466186523438,24.9031662710474,50.7198486328125,171.56462585034012,1000.0505288336979,1291.9921875,0.00031688218587078154,79.8913043478261,28.043392181396484,19.41898536682129,23.33611412396179,47.46237754821777,157.2562358276644
106,63.05079365079365,-0.054974358974358976,0.156951904296875,0.140594482421875,1511.0533496680625,3273.046875,0.0026669653598219156,79.8913043478261,74.9301528930664,51.48130798339844,62.10879388887764,126.41146087646484,172.94784580498867,1161.8043667569013,1683.896484375,0.000454293389339,79.8913043478261,35.87354278564453,24.886959075927734,29.879481106854552,60.760501861572266,167.43764172335602
107,63.15038548752835,0.05421015300435708,0.142425537109375,0.15875244140625,1831.2054498976697,3863.056640625,0.001751599833369255,79.8913043478261,33.601531982421875,23.601856231689453,28.161294839080753,57.20338821411133,175.35147392290247,1862.3054905159613,3738.1640625,0.002205747412517667,79.8913043478261,63.5653076171875,43.07406234741211,52.326054919467836,106.63936996459961,172.9251700680272
108,63.281836734693876,-0.015278060704827868,0.152099609375,0.14752197265625,1711.0880831059621,3453.92578125,0.001628613448701799,79.8913043478261,49.75503158569336,34.22801971435547,41.267616868478015,83.98305130004883,157.9591836734694,1535.757994173045,2881.142578125,0.001320672919973731,79.8913043478261,18.39378547668457,13.41264820098877,15.70698486926204,31.80643367767334,173.24263038548753
109,102.17702947845805,0.03491168824858482,0.60614013671875,0.649993896484375,3402.482957857205,6128.349609375,0.014057248830795288,111.06825890314394,1292.795166015625,919.2693481445312,1090.149975713243,2212.0645141601562,178.02721088435374,3653.371684057266,6894.931640625,0.020083129405975342,102.86777235106375,1447.525390625,1135.067626953125,1281.8109104275536,2582.593017578125,186.4625850340136
110,102.17702947845805,1.0,0.0,0.56536865234375,3402.482957857205,6128.349609375,0.014057248830795288,111.06825890314394,1292.795166015625,919.2693481445312,1090.149975713243,2212.0645141601562,178.02721088435374,3653.371684057266,6894.931640625,0.020083129405975342,102.86777235106375,1447.525390625,1135.067626953125,1281.8109104275536,2582.593017578125,186.4625850340136
111,102.33913832199546,-1.0,0.44696044921875,0.0,3036.6331251010274,6912.158203125,0.0040586721152067184,79.8913043478261,319.58740234375,338.430419921875,328.8739861663378,658.017822265625,126.87074829931974,2660.4803350135157,5663.232421875,0.002269103890284896,79.8913043478261,331.82940673828125,434.8056640625,379.8437909882216,766.6350708007812,164.30839002267575
112,102.47680272108843,0.21873241022177192,0.2117919921875,0.33038330078125,1754.2206571262511,3647.724609375,0.002261511981487274,79.8913043478261,130.30868530273438,100.28501892089844,114.31539253810975,230.5937042236328,174.80725623582765,1875.9214025527835,3957.802734375,0.0018986195791512728,79.8913043478261,153.05886840820312,110.67302703857422,130.15178939159705,263.73189544677734,155.78231292517006
113,102.58732426303855,0.02944621047348168,0.177032470703125,0.187774658203125,2066.7054502028086,4603.798828125,0.002489602193236351,79.8913043478261,34.96705627441406,28.245878219604492,31.427300444440924,63.212934494018555,167.55102040816328,1575.2849636038147,3178.30078125,0.0010159596567973495,79.8913043478261,73.13729858398438,51.83439636230469,61.57132225046391,124.97169494628906,150.5895691609977
114,102.74630385487528,-1.0,0.2099609375,0.0,1833.2077304340778,3720.9375,0.0016129419673234224,79.8913043478261,76.83159637451172,53.14031982421875,63.8972268877675,129.97191619873047,146.6439909297052,2042.1316499057873,4435.83984375,0.001891452120617032,79.8913043478261,30.235618591308594,24.96360206604004,27.4734408244397,55.19922065734863,170.18140589569163
115,102.90095238095238,0.08355476823147329,0.14208984375,0.167999267578125,1562.1500656624314,2911.2890625,0.0008942469139583409,79.8913043478261,57.36378860473633,39.077850341796875,47.34610381155306,96.4416389465332,166.07709750566892,1428.8873432619735,2678.73046875,0.0013379170559346676,79.8913043478261,80.2347412109375,55.38146209716797,66.65971256500897,135.61620330810547,167.6643990929705
116,103.08167800453515,0.04384192472158263,0.31048583984375,0.338958740234375,3537.168995646759,6903.544921875,0.01135614700615406,81.47036232321756,310.8799133300781,400.5477294921875,352.877093942198,711.4276428222656,161.04308390022675,3814.877928834041,7248.076171875,0.014184663072228432,83.18152779202482,378.340087890625,508.1012268066406,438.4461914618016,886.4413146972656,148.43537414965988
117,103.18503401360545,0.14153395679584094,0.43841552734375,0.582977294921875,2680.6214237096747,5271.328125,0.0027437980752438307,79.8913043478261,411.08013916015625,387.7587890625,399.24921661587035,798.8389282226562,140.453514739229,2671.376571443584,5788.125,0.0026149761397391558,79.8913043478261,430.4503173828125,414.18408203125,422.23887737305813,844.6343994140625,154.4671201814059
118,103.28238095238095,1.0,0.0,0.42218017578125,2323.4840489726967,4952.63671875,0.0013352892128750682,79.8913043478261,141.64715576171875,139.88717651367188,140.76441553425045,281.5343322753906,139.97732426303855,2481.2006533057856,5693.37890625,0.0032247595954686403,79.8913043478261,211.73745727539062,191.0958251953125,201.15204230332338,402.8332824707031,167.30158730158732
119,103.37233560090704,0.12916666666666668,0.255126953125,0.330810546875,1850.1792110075196,4211.89453125,0.0020484451670199633,79.8913043478261,154.30604553222656,100.59268188476562,124.58755536216057,254.8987274169922,156.41723356009072,1325.2021076957044,2467.705078125,0.0006895273108966649,79.8913043478261,125.28878784179688,69.83035278320312,93.5358768322218,195.119140625,165.55555555555557
120,103.47673469387755,-0.265712268087565,0.30084228515625,0.174530029296875,2001.0427717828184,4358.3203125,0.002343030646443367,79.8913043478261,62.554935455322266,40.48211669921875,50.32252176922827,103.03705215454102,162.26757369614512,1520.709964875122,2786.396484375,0.0007193037308752537,79.8913043478261,36.26861572265625,29.89668083190918,32.928881372974345,66.16529655456543,167.00680272108846
121,103.63492063492063,-0.1188663967611336,0.210845947265625,0.166046142578125,1962.9702024651986,4186.0546875,0.001939794048666954,79.8913043478261,26.577136993408203,19.671430587768555,22.865045497165436,46.24856758117676,154.44444444444443,2096.2500175483533,4560.732421875,0.0025038730818778276,79.8913043478261,58.230567932128906,44.03887176513672,50.63998927699439,102.26943969726562,172.51700680272108
122,103.76476190476191,-0.058034288148227024,0.151611328125,0.134979248046875,1991.360055372079,4186.0546875,0.001966828480362892,79.8913043478261,30.879364013671875,21.632341384887695,25.84555946564063,52.51170539855957,166.8253968253968,1391.1847897847501,2239.453125,0.0005982157890684903,79.8913043478261,10.515107154846191,13.303651809692383,11.8274817408305,23.818758964538574,175.0793650793651
123,103.87401360544217,0.018773833968905838,0.102081298828125,0.105987548828125,1349.0905967776798,2695.95703125,0.001377319684252143,79.8913043478261,46.494056701660156,31.728178024291992,38.40796412336639,78.22223472595215,159.2517006802721,1032.4937677571302,1192.939453125,0.0002595598343759775,79.8913043478261,26.828880310058594,18.160465240478516,22.07317259280545,44.98934555053711,171.6326530612245
124,110.9884126984127,0.018341451680798603,0.4981689453125,0.51678466796875,2884.501033220515,6175.72265625,0.0044213999062776566,88.81795467078317,557.0548095703125,338.1200866699219,433.9947240368377,895.1748962402344,167.75510204081633,3025.187291300731,6490.107421875,0.005887770559638739,89.07096838188029,679.8662719726562,377.9111022949219,506.881655077717,1057.7773742675781,183.42403628117916
125,110.9884126984127,1.0,0.0,0.449371337890625,2884.501033220515,6175.72265625,0.0044213999062776566,88.81795467078317,557.0548095703125,338.1200866699219,433.9947240368377,895.1748962402344,167.75510204081633,3025.187291300731,6490.107421875,0.005887770559638739,89.07096838188029,679.8662719726562,377.9111022949219,506.881655077717,1057.7773742675781,183.42403628117916
126,111.12462585034014,-0.0038034383082306404,0.4027099609375,0.399658203125,2631.9492594874546,6709.74609375,0.0033623389899730682,86.63236546792687,232.22207641601562,217.11280822753906,224.54039089462574,449.3348846435547,152.15419501133786,2515.983649023663,5689.072265625,0.0034618712961673737,88.57549866040407,276.99786376953125,219.49246215820312,246.57441702523997,496.4903259277344,166.87074829931973
127,111.2274149659864,-1.0,0.24053955078125,0.0,3371.0169140253156,7717.5,0.008261358365416527,79.8913043478261,134.74392700195312,173.67144775390625,152.9744190329738,308.4153747558594,164.5124716553288,2490.7359914316376,5753.671875,0.0021679922938346863,84.44116464995255,245.20281982421875,225.85206604003906,235.32862863694092,471.0548858642578,159.50113378684807
128,111.3814739229025,0.35599551737019053,0.21044921875,0.443115234375,2777.3157669657403,6089.58984375,0.003144066082313657,96.52167914586818,222.146240234375,210.13592529296875,216.05764448869778,432.28216552734375,145.94104308390024,2853.8249633340374,6524.560546875,0.004251003265380859,88.71697574451339,327.40667724609375,279.9678955078125,302.7595719441327,607.3745727539062,157.2562358276644
129,111.4358276643991,-0.1492483571878657,0.389617919921875,0.288421630859375,3176.1331012259443,7140.41015625,0.005975612439215183,88.97357674959281,251.65185546875,209.81573486328125,229.78363515464721,461.46759033203125,149.6825396825397,2591.1113578101445,6076.669921875,0.0019384424667805433,79.8913043478261,238.01644897460938,216.077880859375,226.7820317046903,454.0943298339844,160.15873015873018
130,111.54498866213152,0.2879846315054139,0.24884033203125,0.45013427734375,2526.976591194811,6352.294921875,0.0024366723373532295,79.8913043478261,103.994873046875,83.25178527832031,93.04707862659966,187.2466583251953,172.51700680272108,2637.246217349225,6227.40234375,0.002177430782467127,79.8913043478261,68.49482727050781,82.36215209960938,75.10912981582223,150.8569793701172,156.0544217687075
131,111.65172335600907,0.05921371946287009,0.35491943359375,0.39959716796875,3162.899333794653,7006.904296875,0.004974144510924816,84.38202349411873,378.6632080078125,267.238525390625,318.109096581175,645.9017333984375,156.87074829931973,3142.5296754398973,6873.3984375,0.00535278907045722,83.91480168787923,361.20794677734375,287.35693359375,322.17325769782934,648.5648803710938,171.08843537414967
132,111.78399092970521,0.18726981585268215,0.309783935546875,0.452545166015625,3912.723944143284,8402.255859375,0.012585473246872425,79.8913043478261,218.81700134277344,296.9407653808594,254.90329118524085,515.7577667236328,159.297052154195,3154.269851229004,6886.318359375,0.006401611026376486,85.05741807057733,261.2440185546875,322.526123046875,290.2723212323718,583.7701416015625,156.12244897959184
133,112.06136054421769,0.201207737948952,0.34716796875,0.522064208984375,3495.5438959439693,7855.3125,0.005333621520549059,79.8913043478261,169.6421356201172,304.0982971191406,227.1296646449599,473.7404327392578,143.51473922902494,3129.456920327406,6352.294921875,0.0029458452481776476,4594.271669525045,424.2410888671875,624.1882934570312,514.5933552567138,1048.4293823242188,158.50340136054422
134,112.1770068027211,1.0,0.0,0.306640625,3524.215466956586,6993.984375,0.0120802978053689,79.8913043478261,93.96066284179688,138.46694946289062,114.06334360001372,232.4276123046875,152.4263038548753,3239.454597689915,6765.732421875,0.005333098117262125,79.8913043478261,199.44241333007812,255.47019958496094,225.72459577799964,454.91261291503906,158.140589569161
135,112.26705215419501,0.13996368565071735,0.513153076171875,0.68017578125,3986.205810710583,8613.28125,0.01369072962552309,91.51003747994625,474.2735900878906,529.1903686523438,500.9800554719533,1003.4639587402344,169.95464852607708,3879.5458347660506,8010.3515625,0.012137000449001789,97.26676991055169,664.56884765625,728.2438354492188,695.6782061680925,1392.8126831054688,173.5827664399093
136,112.39401360544218,0.21053158474321754,0.24066162109375,0.3690185546875,3155.5868840646513,6847.55859375,0.0074285343289375305,85.08941048292053,345.33612060546875,316.7012939453125,330.70892978842653,662.0374145507812,179.79591836734693,2679.0309445866214,6124.04296875,0.001867589890025556,79.8913043478261,305.73394775390625,327.4232482910156,316.3927974629316,633.1571960449219,167.27891156462584
137,112.45968253968255,0.03871917905838757,0.308746337890625,0.3336181640625,3077.714869259934,6813.10546875,0.006583186332136393,79.8913043478261,302.803466796875,252.1326446533203,276.30895550758027,554.9361114501953,174.30839002267572,3246.8392202557734,7071.50390625,0.0057080453261733055,82.75003017271821,212.2960205078125,236.60400390625,224.12070066263803,448.9000244140625,177.34693877551018
138,112.61768707482993,-0.08595910841151906,0.3055419921875,0.257171630859375,2138.6327598099956,5142.12890625,0.0024877781979739666,79.8913043478261,174.82858276367188,139.44357299804688,156.13687022209444,314.27215576171875,166.25850340136057,1679.5767287786591,3587.431640625,0.001031612977385521,85.70693196601756,123.37579345703125,86.50141906738281,103.30624962991119,209.87721252441406,164.94331065759638
139,112.760589569161,1.0,0.0,0.178497314453125,2263.228088086244,5422.060546875,0.0012136301957070827,79.8913043478261,46.31208801269531,49.784339904785156,48.01683799798097,96.09642791748047,169.95464852607708,2283.8285725176916,5417.75390625,0.0028464049100875854,79.8913043478261,59.14079284667969,48.64752960205078,53.63817176878425,107.78832244873047,174.30839002267572
140,112.8339455782313,0.17083412865050582,0.132568359375,0.18719482421875,2206.14894548822,5383.30078125,0.002141863340511918,79.8913043478261,70.49835205078125,52.10975646972656,60.6106587728863,122.60810852050781,150.49886621315193,1609.3873638231169,2928.515625,0.0012112439144402742,79.8913043478261,67.86681365966797,48.6453857421875,57.45787439131131,116.51219940185547,177.80045351473922
141,113.04829931972789,-1.0,0.0633544921875,0.0,2667.0395280468783,6615.0,0.0028341945726424456,79.8913043478261,17.8240966796875,16.39183807373047,17.09297243266818,34.21593475341797,141.08843537414967,1940.9861849518143,4285.107421875,0.0008753534639254212,79.8913043478261,29.121625900268555,21.714906692504883,25.147035395019532,50.83653259277344,148.50340136054422
142,148.56460317460318,0.02352551358515573,0.449676513671875,0.471343994140625,4479.222568491387,9582.275390625,0.025322329252958298,176.94539251351685,482.7867431640625,508.8708190917969,495.65722575239175,991.6575622558594,169.95464852607708,4355.448923132023,8832.919921875,0.024363478645682335,177.16496023177592,664.785888671875,681.5387573242188,673.1102052800167,1346.3246459960938,183.92290249433108
143,148.56460317460318,1.0,0.0,0.314117431640625,4479.222568491387,9582.275390625,0.025322329252958298,176.94539251351685,482.7867431640625,508.8708190917969,495.65722575239175,991.6575622558594,169.95464852607708,4355.448923132023,8832.919921875,0.024363478645682335,177.16496023177592,664.785888671875,681.5387573242188,673.1102052800167,1346.3246459960938,183.92290249433108
144,148.707052154195,-0.02438704602071588,0.238433837890625,0.227081298828125,3487.1398921520095,8596.0546875,0.00495462492108345,88.82614103915887,77.012939453125,161.99220275878906,111.69375856752681,239.00514221191406,175.2607709750567,3090.432523190368,7868.232421875,0.00276959128677845,85.6906729149662,107.39088439941406,178.47572326660156,138.44372779373367,285.8666076660156,180.2721088435374
145,148.82861678004537,0.10472972972972973,0.12939453125,0.15966796875,2772.783410287902,7515.087890625,0.002756679430603981,82.86491111856608,47.49559020996094,55.249420166015625,51.226007257476454,102.74501037597656,62.13151927437642,2119.483598647938,5585.712890625,0.001273673609830439,80.63870723530015,34.50080108642578,46.288780212402344,39.96248238837742,80.78958129882812,125.2607709750567
146,149.02136054421769,0.01930993922760243,0.61065673828125,0.63470458984375,4107.764355022562,8936.279296875,0.0146134989336133,98.85248638612035,840.4111328125,709.2410278320312,772.0453714888907,1549.6521606445312,156.3718820861678,3778.733128724553,8014.658203125,0.010205449536442757,98.57231410552112,881.143798828125,828.1673583984375,854.2450071523114,1709.3111572265625,175.82766439909298
147,149.260589569161,0.1266052273757365,0.176422119140625,0.227569580078125,3094.053858648994,8113.7109375,0.003989796154201031,86.79509231142626,40.24517059326172,71.24140167236328,53.54551674610435,111.486572265625,151.22448979591837,2571.406869901574,7114.5703125,0.0024439538829028606,82.42415318002527,18.546552658081055,58.62492370605469,32.97408428736615,77.17147636413574,174.94331065759638
148,149.3743537414966,0.2480590556191931,0.09014892578125,0.149627685546875,2239.93062257678,5654.619140625,0.0019459717441350222,82.75167699088142,26.582233428955078,25.6468563079834,26.110356586950008,52.22908973693848,140.8390022675737,1894.8790397744451,3311.806640625,0.0019191720057278872,79.8913043478261,55.23936080932617,40.40793991088867,47.245198404696644,95.64730072021484,149.9092970521542
149,149.4832426303855,0.1587538256297575,0.49072265625,0.675933837890625,3838.5893695137406,8570.21484375,0.009316612966358662,100.77570177068037,458.1120910644531,515.8993530273438,486.1478493155708,974.0114440917969,179.7278911564626,3717.0779397867104,8324.736328125,0.008280021138489246,101.25966975295302,648.1337890625,638.56982421875,643.3340343490876,1286.70361328125,172.10884353741497
150,149.6307709750567,0.10963999747809092,0.215484619140625,0.2685546875,3181.004816882323,7932.83203125,0.00445591751486063,91.003973001042,72.08942413330078,140.10110473632812,100.49780077634114,212.1905288696289,164.6031746031746,2799.2967722905064,7523.701171875,0.002261844929307699,86.80313691920736,118.42221069335938,145.90875244140625,131.44899019627888,264.3309631347656,172.53968253968256
151,149.7473469387755,0.15995850622406638,0.123565673828125,0.170623779296875,2334.539797892652,5994.84375,0.00189818418584764,85.02193078733085,26.261871337890625,34.92237854003906,30.28410494024247,61.18424987792969,130.68027210884352,2333.348699332,5271.328125,0.002601407701149583,81.55602802630933,35.673126220703125,37.30917739868164,36.48198177914372,72.98230361938477,142.99319727891157
152,149.86190476190475,1.0,0.0,0.099365234375,1772.3882484249698,3247.20703125,0.0013800414744764566,84.61914561927178,19.483760833740234,14.029035568237305,16.532948126077535,33.51279640197754,56.281179138321995,1662.2331754287056,3122.314453125,0.0021207588724792004,79.8913043478261,46.196266174316406,31.608245849609375,38.21234013472332,77.80451202392578,60.317460317460316
153,151.68204081632652,-0.0030633296517806907,0.734466552734375,0.72998046875,4092.410764580406,9440.15625,0.015068119391798973,94.3418020124923,945.7911987304688,812.29736328125,876.5065298920325,1758.0885620117188,157.437641723356,3834.9044724780006,8708.02734375,0.011009545996785164,96.52528067526585,908.0501708984375,1017.2874145507812,961.1181044157198,1925.3375854492188,166.21315192743762
154,151.82668934240363,0.03279817729030891,0.278533935546875,0.29742431640625,3510.7122880245965,8768.3203125,0.005891907960176468,90.71005344580426,76.96803283691406,143.58377075195312,105.12545068671177,220.5518035888672,145.37414965986395,3090.201949280382,7919.912109375,0.0034862328320741653,85.88884902695818,84.26184844970703,153.70333862304688,113.80389898974981,237.9651870727539,172.56235827664398
155,151.94360544217687,0.23059777102330295,0.115875244140625,0.185333251953125,2345.5420303162164,5792.431640625,0.0024108660873025656,86.85385250499145,35.346763610839844,34.32279968261719,34.83101903251868,69.66956329345703,163.33333333333334,2255.7218606079214,4810.517578125,0.0027427654713392258,81.97530177415223,39.44957733154297,36.58354949951172,37.98954547034378,76.03312683105469,173.4920634920635
156,152.05367346938775,0.26339022954679225,0.076385498046875,0.131011962890625,1672.864890372602,3294.580078125,0.001523857470601797,82.44467817796343,24.422521591186523,16.560577392578125,20.110968622439714,40.98309898376465,119.1156462585034,1543.940964937714,3031.875,0.001743853441439569,80.44632935359134,50.54443359375,34.515926361083984,41.76826484167824,85.06035995483398,159.70521541950114
157,152.15151927437643,0.20050417370210943,0.512969970703125,0.770263671875,4774.826196392671,10456.5234375,0.026524484157562256,90.5636990983091,666.5838012695312,810.7755737304688,735.1529527341511,1477.359375,166.48526077097506,4481.905424385665,9509.0625,0.02312369830906391,92.9477431165346,793.9622802734375,956.8377685546875,871.6037497472273,1750.800048828125,179.61451247165533
158,152.24501133786848,1.0,0.0,0.366790771484375,3322.966891532157,8182.6171875,0.0038463263772428036,93.65659956644984,122.49041748046875,190.66604614257812,152.8226540515336,313.1564636230469,157.36961451247166,3064.885762066061,7993.125,0.0032017871271818876,90.0347609649934,200.83843994140625,213.43057250976562,207.03879640942301,414.2690124511719,173.21995464852608
159,152.38673469387754,0.16591539528432733,0.146820068359375,0.205230712890625,2615.053290178982,7278.22265625,0.0015479848952963948,83.81366234443836,18.038921356201172,53.5787353515625,31.088624822779657,71.61765670776367,156.84807256235828,2483.548742097192,6838.9453125,0.002440608339384198,80.93714204526424,60.52397918701172,65.2825698852539,62.858260403941706,125.80654907226562,175.6235827664399
160,152.4956462585034,0.1832474567314044,0.094329833984375,0.13665771484375,1616.3785152222688,2911.2890625,0.001213392592035234,87.06312660434811,29.432754516601562,20.276817321777344,24.429543315621906,49.709571838378906,124.76190476190477,1593.7418898265728,3018.955078125,0.001471409690566361,79.8913043478261,50.06703186035156,34.30546569824219,41.443610413404976,84.37249755859375,134.46712018140587
161,152.62548752834468,0.10013012807341963,0.400970458984375,0.490203857421875,4406.153606890996,10116.298828125,0.015048624947667122,87.47419740799698,331.912109375,455.3388671875,388.75761585932446,787.2509765625,162.24489795918367,4028.62981715331,9349.716796875,0.009927778504788876,88.03214379195231,386.3871765136719,510.9714660644531,444.33413334077267,897.358642578125,165.2607709750567
162,152.7228798185941,0.09997443109179238,0.21484375,0.2625732421875,3729.6250969802654,8798.466796875,0.007892844267189503,87.05979917244686,109.56482696533203,214.84954833984375,153.42735605958515,324.4143753051758,172.63038548752834,3225.5827209678646,8074.951171875,0.003241653088480234,86.8989289522381,75.56400299072266,192.8505401611328,120.71685380881296,268.41454315185547,174.71655328798187
163,152.85798185941044,0.24292770543331837,0.1029052734375,0.1689453125,3197.2122727306632,8135.244140625,0.001918594352900982,79.8913043478261,22.741281509399414,67.0350112915039,39.04436019152905,89.77629280090332,171.45124716553286,2537.6712343676113,7398.80859375,0.0024472763761878014,79.8913043478261,71.42466735839844,83.59812927246094,77.27204264848906,155.02279663085938,178.32199546485262
164,153.0698866213152,0.03229560663369217,0.355255126953125,0.37896728515625,4237.4020686620925,9306.650390625,0.024769984185695648,98.44259753300423,498.79180908203125,524.6913452148438,511.5777021034014,1023.483154296875,172.38095238095238,4050.943178326988,8802.7734375,0.022243406623601913,96.13551675267679,561.6577758789062,665.1171264648438,611.2022627160451,1226.77490234375,181.26984126984127
165,153.1749433106576,-1.0,0.1573486328125,0.0,3599.4585792905696,8453.935546875,0.006230422295629978,88.56754177282285,75.39813995361328,144.40560913085938,104.34516916146771,219.80374908447266,170.11337868480726,3294.9678312958436,8135.244140625,0.004767293576151133,89.1057407707701,68.14724731445312,142.1749267578125,98.43185407010735,210.32217407226562,179.61451247165533
166,155.30566893424037,0.051370082782519415,0.902252197265625,0.999969482421875,4185.046245390231,9298.037109375,0.015324914827942848,91.92670603784046,1273.387939453125,659.7556762695312,916.5832865306684,1933.1436157226562,150.18140589569163,4185.465588298265,9401.396484375,0.015835357829928398,94.96351682015029,1288.68408203125,943.7651977539062,1102.8214667481468,2232.4492797851562,164.85260770975057
167,155.47385487528345,1.0,0.0,0.23602294921875,2998.049336610272,7687.353515625,0.003487886395305395,91.12657938005175,33.317169189453125,90.83528137207031,55.012493470527644,124.15245056152344,163.7641723356009,2943.278597785683,7639.98046875,0.0038711498491466045,83.39224456629981,34.503238677978516,99.06622314453125,58.46456655172978,133.56946182250977,174.98866213151928
168,155.780589569161,0.10927479033053775,0.330596923828125,0.411712646484375,4134.818512929027,10051.69921875,0.009679922834038734,85.19361417882378,229.51470947265625,271.58251953125,249.6641405329705,501.09722900390625,153.1292517006803,3866.6543887302805,9198.984375,0.008483936078846455,88.21775696633419,322.045166015625,354.5462341308594,337.9051654397832,676.5914001464844,178.73015873015873
169,156.03274376417232,1.0,0.0,0.1357421875,2306.2418097968557,5994.84375,0.0014005918055772781,80.43871587413786,7.245670318603516,21.435943603515625,12.46265542808803,28.68161392211914,93.6734693877551,2006.3339346145701,3850.13671875,0.001755515462718904,79.8913043478261,33.6009521484375,32.951393127441406,33.27458765634085,66.5523452758789,147.93650793650795
170,156.22414965986394,0.053536977491961416,0.538970947265625,0.599945068359375,4487.625046455701,10732.1484375,0.015006346628069878,100.96599225316841,361.67694091796875,558.8104858398438,449.5651977983155,920.4874267578125,157.75510204081633,4369.68186757745,9698.5546875,0.014200925827026367,101.7732193242561,390.6248474121094,802.1290283203125,559.7602426864967,1192.7538757324219,172.15419501133786
171,156.22433106575963,0.3334055694008018,0.187744140625,0.37554931640625,4339.715165365205,10426.376953125,0.012230945751070976,100.79524661815714,359.12213134765625,522.8607177734375,433.32534586008495,881.9828491210938,157.5736961451247,4389.946963489952,9832.060546875,0.015273744240403175,101.86293916601025,377.57147216796875,732.337158203125,525.8418193202787,1109.9086303710938,171.9954648526077
172,156.49714285714285,-1.0,0.104705810546875,0.0,3175.5973539874067,7950.05859375,0.003973938524723053,80.01385269787326,15.753669738769531,48.308631896972656,27.586921401937815,64.06230163574219,105.80498866213152,2518.9743649487077,6873.3984375,0.0024907703045755625,79.8913043478261,15.966312408447266,47.00570297241211,27.395396303689605,62.972015380859375,160.77097505668934
173,156.68820861678006,0.01654404608976605,0.385498046875,0.398468017578125,4119.5009457516235,9358.330078125,0.011664129793643951,102.86961008669601,360.45733642578125,441.51910400390625,398.9345813668521,801.9764404296875,165.2607709750567,4067.7120902910383,8914.74609375,0.010829173028469086,100.19442987021979,391.0708923339844,568.9359741210938,471.6930136014745,960.0068664550781,181.2925170068027
174,156.81857142857143,1.0,0.0,0.228057861328125,3635.475122727277,8432.40234375,0.0063032833859324455,90.17222781331438,56.73460388183594,154.78302001953125,93.70994252715337,211.5176239013672,163.42403628117913,3471.39578456651,8376.416015625,0.005304095800966024,87.91157939754933,52.63330078125,157.89019775390625,91.1607496063541,210.52349853515625,178.25396825396825
175,156.88018140589568,-0.07279693486590039,0.1708984375,0.147705078125,3205.9464544747234,8165.390625,0.005098897963762283,82.81360802797973,59.694053649902344,96.29762268066406,75.81817364364308,155.9916763305664,144.44444444444443,2762.3194556555495,7446.181640625,0.0027788416482508183,80.38459903845992,87.09437561035156,102.75814819335938,94.60262552263869,189.85252380371094,159.2517006802721
176,158.90224489795918,0.009212334166722977,0.67120361328125,0.683685302734375,4376.5870262434855,9500.44921875,0.021397190168499947,88.67121701374458,709.686767578125,719.0732421875,714.3645882180675,1428.760009765625,162.1768707482993,4133.2745048262395,9216.2109375,0.01804332807660103,90.05358290166141,720.6172485351562,766.38818359375,743.1504182675162,1487.0054321289062,167.27891156462584
177,159.04179138321996,0.049653927174240144,0.1927490234375,0.212890625,3145.284731004688,8380.72265625,0.004471794702112675,90.27795684226614,61.097900390625,115.63970947265625,84.05559737793293,176.73760986328125,167.80045351473925,2598.2177530696754,7265.302734375,0.0016925871605053544,84.34363025378934,79.40469360351562,124.96043395996094,99.61147007826482,204.36512756347656,177.2562358276644
178,159.22945578231293,1.0,0.0,0.153564453125,1941.6433220947292,3531.4453125,0.0028935312293469906,92.01717346499204,34.194637298583984,25.523117065429688,29.542405636333466,59.71775436401367,116.62131519274377,1875.8198030033768,3527.138671875,0.0024809888564050198,79.8913043478261,56.231903076171875,39.82606506347656,47.32330747691595,96.05796813964844,146.68934240362813
179,159.3584807256236,0.10464495461825948,0.51177978515625,0.63140869140625,4685.317780551094,10564.189453125,0.025771334767341614,94.56082757510335,661.7264404296875,835.5084228515625,743.5576740257521,1497.23486328125,169.45578231292515,4571.230861793827,9672.71484375,0.02584528923034668,98.13355351395893,809.4602661132812,1192.7196044921875,982.5777976581669,2002.1798706054688,178.57142857142858
180,159.5319274376417,-1.0,0.213531494140625,0.0,3787.408549861473,9130.078125,0.006366473622620106,87.85328048884568,43.71142578125,140.23660278320312,78.2939451961173,183.94802856445312,162.26757369614512,3214.4140545063565,8255.830078125,0.003678142325952649,82.43886546194399,28.225360870361328,157.9282989501953,66.76513483481905,186.15365982055664,176.66666666666666
181,159.6900453514739,1.0,0.0,0.194732666015625,2237.0305078612378,5482.353515625,0.002315323334187269,91.19176702646439,40.35940170288086,34.54534149169922,37.33938020678284,74.90474319458008,128.82086167800452,2143.0138043835395,4259.267578125,0.0022096019238233566,79.8913043478261,58.87262725830078,45.8760871887207,51.96966212253897,104.74871444702148,146.21315192743765
182,159.81979591836733,0.12876559488791967,0.524261474609375,0.679229736328125,4499.398280492891,10146.4453125,0.02196226269006729,96.73807080954724,559.8583984375,916.2821044921875,716.2319676878002,1476.1405029296875,174.60317460317458,4272.285970506023,9216.2109375,0.021160727366805077,98.35933699083822,718.5609130859375,1118.463623046875,896.4843792448189,1837.0245361328125,168.7981859410431
183,159.96968253968254,0.18470645739423233,0.22906494140625,0.332855224609375,3769.2987918832455,9112.8515625,0.005539090372622013,93.85928879963134,65.31398010253906,197.85899353027344,113.67919056073845,263.1729736328125,164.80725623582768,3472.3544477379482,8708.02734375,0.0032827481627464294,89.92713801620704,134.5492401123047,225.26882934570312,174.0969551986846,359.8180694580078,174.42176870748298
184,160.09113378684808,0.1243498817966903,0.1695556640625,0.21771240234375,2951.8210125732003,7898.37890625,0.0024850175250321627,93.07258167781328,16.01103401184082,63.65981674194336,31.925843623040077,79.67085075378418,141.5873015873016,2814.1760073819396,7782.099609375,0.0029519679956138134,82.90575199943814,33.97394561767578,67.3789291381836,47.844833308497165,101.35287475585938,173.5827664399093
185,160.18768707482994,0.20780214176440592,0.094818115234375,0.144561767578125,2127.4675963539657,4332.48046875,0.0016753008821979165,85.4381568066288,30.180814743041992,26.116769790649414,28.075352014503142,56.297584533691406,158.39002267573696,1911.9251260732337,3540.05859375,0.0014725287910550833,80.2345674714378,48.95284652709961,39.13129806518555,43.767435709568566,88.08414459228516,161.9954648526077
186,160.28562358276645,0.11710760704624926,0.40838623046875,0.5167236328125,4362.43185052588,9534.90234375,0.020682699978351593,103.72848364472142,589.9567260742188,688.4739990234375,637.3145741712581,1278.4307250976562,181.06575963718822,4067.9510381651735,8863.06640625,0.01613096334040165,103.37426516260702,639.1204223632812,821.5382080078125,724.611514185033,1460.6586303710938,181.70068027210883
187,160.37414965986395,-0.049987376925018936,0.25384521484375,0.22967529296875,2525.7212011735423,6571.93359375,0.002874289872124791,94.3082959328025,157.52630615234375,124.87600708007812,140.25425527369438,282.4023132324219,172.19954648526075,2310.289515080516,5779.51171875,0.002100936835631728,92.04036736239243,216.04296875,157.40347290039062,184.40692388563008,373.4464416503906,181.54195011337868
188,160.51537414965986,0.1613349131121643,0.129608154296875,0.179473876953125,2392.2976345026536,6360.908203125,0.002352525480091572,82.57796061909879,44.136619567871094,43.20588302612305,43.66877170493729,87.34250259399414,141.29251700680274,2252.515448665592,4926.796875,0.002537202090024948,81.79383998869052,44.129051208496094,43.628028869628906,43.877824924597164,87.757080078125,137.95918367346937
189,222.46115646258502,0.11747967479674797,0.066253662109375,0.083892822265625,2568.832556904991,6425.5078125,0.0026672836393117905,110.66373077650759,36.28205108642578,31.007793426513672,33.54141239092514,67.28984451293945,143.5827664399093,2325.6620839830457,6102.509765625,0.0018172195414081216,113.09423665780855,29.157943725585938,26.858396530151367,27.984560289302852,56.016340255737305,139.47845804988663
